catalog_id,official_id,source_asset_id,character_name,chapter,role,administrator,design_master_status,three_view_status,runtime_portrait_status,runtime_scene_asset_status,source_package,source_entry,source_sha256,registry_source_entry,registry_source_sha256,registry_status_at_V1.0
CAT-CHAR-001,,CHAR-001,星宇,G02,全局角色,False,complete,complete,not_produced,not_produced,PKG-CHARACTERS-V2.1,星骸拾荒者_人物形象设计全集_V2.1_补齐版/01_十二星球人物三视图/G02_锈环星_人物三视图.png,c549fe94157daea3606a1b7b32562e28108c9e54f2dac1b156b38c8097c0a0b3,星骸拾荒者_人物形象设计全集_V2.1_补齐版/02_清单与说明/星骸拾荒者_全项目美术资产主清单_V1.0.xlsx,ea329b30f458a567a92ef0f02b783eb58c4129596e4958e4cf739eb47329816e,已确认
CAT-CHAR-002,EDU-0077,CHAR-002,七码,G02,全局角色,False,complete,complete,not_produced,not_produced,PKG-CHARACTERS-V2.1,星骸拾荒者_人物形象设计全集_V2.1_补齐版/01_十二星球人物三视图/G02_锈环星_人物三视图.png,c549fe94157daea3606a1b7b32562e28108c9e54f2dac1b156b38c8097c0a0b3,星骸拾荒者_人物形象设计全集_V2.1_补齐版/02_清单与说明/星骸拾荒者_全项目美术资产主清单_V1.0.xlsx,ea329b30f458a567a92ef0f02b783eb58c4129596e4958e4cf739eb47329816e,概念草案
CAT-CHAR-003,,CHAR-003,织星婆婆,G02,全局角色,False,complete,complete,not_produced,not_produced,PKG-CHARACTERS-V2.1,星骸拾荒者_人物形象设计全集_V2.1_补齐版/01_十二星球人物三视图/G02_锈环星_人物三视图.png,c549fe94157daea3606a1b7b32562e28108c9e54f2dac1b156b38c8097c0a0b3,星骸拾荒者_人物形象设计全集_V2.1_补齐版/02_清单与说明/星骸拾荒者_全项目美术资产主清单_V1.0.xlsx,ea329b30f458a567a92ef0f02b783eb58c4129596e4958e4cf739eb47329816e,未设计
CAT-CHAR-004,,CHAR-004,豆包,G02,星球NPC,False,complete,complete,not_produced,not_produced,PKG-CHARACTERS-V2.1,星骸拾荒者_人物形象设计全集_V2.1_补齐版/01_十二星球人物三视图/G02_锈环星_人物三视图.png,c549fe94157daea3606a1b7b32562e28108c9e54f2dac1b156b38c8097c0a0b3,星骸拾荒者_人物形象设计全集_V2.1_补齐版/02_清单与说明/星骸拾荒者_全项目美术资产主清单_V1.0.xlsx,ea329b30f458a567a92ef0f02b783eb58c4129596e4958e4cf739eb47329816e,概念草案
CAT-CHAR-005,,CHAR-005,阿铆,G02,星球NPC,False,complete,complete,not_produced,not_produced,PKG-CHARACTERS-V2.1,星骸拾荒者_人物形象设计全集_V2.1_补齐版/01_十二星球人物三视图/G02_锈环星_人物三视图.png,c549fe94157daea3606a1b7b32562e28108c9e54f2dac1b156b38c8097c0a0b3,星骸拾荒者_人物形象设计全集_V2.1_补齐版/02_清单与说明/星骸拾荒者_全项目美术资产主清单_V1.0.xlsx,ea329b30f458a567a92ef0f02b783eb58c4129596e4958e4cf739eb47329816e,概念草案
CAT-CHAR-006,,CHAR-006,小线球,G02,星球NPC,False,complete,complete,not_produced,not_produced,PKG-CHARACTERS-V2.1,星骸拾荒者_人物形象设计全集_V2.1_补齐版/01_十二星球人物三视图/G02_锈环星_人物三视图.png,c549fe94157daea3606a1b7b32562e28108c9e54f2dac1b156b38c8097c0a0b3,星骸拾荒者_人物形象设计全集_V2.1_补齐版/02_清单与说明/星骸拾荒者_全项目美术资产主清单_V1.0.xlsx,ea329b30f458a567a92ef0f02b783eb58c4129596e4958e4cf739eb47329816e,未设计
CAT-CHAR-007,,CHAR-007,狰,G02,管理员,True,complete,complete,not_produced,not_produced,PKG-CHARACTERS-V2.1,星骸拾荒者_人物形象设计全集_V2.1_补齐版/01_十二星球人物三视图/G02_锈环星_人物三视图.png,c549fe94157daea3606a1b7b32562e28108c9e54f2dac1b156b38c8097c0a0b3,星骸拾荒者_人物形象设计全集_V2.1_补齐版/02_清单与说明/星骸拾荒者_全项目美术资产主清单_V1.0.xlsx,ea329b30f458a567a92ef0f02b783eb58c4129596e4958e4cf739eb47329816e,概念草案
CAT-CHAR-008,,CHAR-008,卡卡,G03,星球NPC,False,complete,complete,not_produced,not_produced,PKG-CHARACTERS-V2.1,星骸拾荒者_人物形象设计全集_V2.1_补齐版/01_十二星球人物三视图/G03_齿轮荒原_人物三视图.png,51956299eabc1beb9093d8214e5b8eb78b09ba6cf532e72f72ca820df4dffc98,星骸拾荒者_人物形象设计全集_V2.1_补齐版/02_清单与说明/星骸拾荒者_全项目美术资产主清单_V1.0.xlsx,ea329b30f458a567a92ef0f02b783eb58c4129596e4958e4cf739eb47329816e,未设计
CAT-CHAR-009,,CHAR-009,方盒姨,G03,星球NPC,False,complete,complete,not_produced,not_produced,PKG-CHARACTERS-V2.1,星骸拾荒者_人物形象设计全集_V2.1_补齐版/01_十二星球人物三视图/G03_齿轮荒原_人物三视图.png,51956299eabc1beb9093d8214e5b8eb78b09ba6cf532e72f72ca820df4dffc98,星骸拾荒者_人物形象设计全集_V2.1_补齐版/02_清单与说明/星骸拾荒者_全项目美术资产主清单_V1.0.xlsx,ea329b30f458a567a92ef0f02b783eb58c4129596e4958e4cf739eb47329816e,未设计
CAT-CHAR-010,,CHAR-010,叮,G03,星球NPC,False,complete,complete,not_produced,not_produced,PKG-CHARACTERS-V2.1,星骸拾荒者_人物形象设计全集_V2.1_补齐版/01_十二星球人物三视图/G03_齿轮荒原_人物三视图.png,51956299eabc1beb9093d8214e5b8eb78b09ba6cf532e72f72ca820df4dffc98,星骸拾荒者_人物形象设计全集_V2.1_补齐版/02_清单与说明/星骸拾荒者_全项目美术资产主清单_V1.0.xlsx,ea329b30f458a567a92ef0f02b783eb58c4129596e4958e4cf739eb47329816e,未设计
CAT-CHAR-011,,CHAR-011,当,G03,星球NPC,False,complete,complete,not_produced,not_produced,PKG-CHARACTERS-V2.1,星骸拾荒者_人物形象设计全集_V2.1_补齐版/01_十二星球人物三视图/G03_齿轮荒原_人物三视图.png,51956299eabc1beb9093d8214e5b8eb78b09ba6cf532e72f72ca820df4dffc98,星骸拾荒者_人物形象设计全集_V2.1_补齐版/02_清单与说明/星骸拾荒者_全项目美术资产主清单_V1.0.xlsx,ea329b30f458a567a92ef0f02b783eb58c4129596e4958e4cf739eb47329816e,未设计
CAT-CHAR-012,,CHAR-012,咔,G03,星球NPC,False,complete,complete,not_produced,not_produced,PKG-CHARACTERS-V2.1,星骸拾荒者_人物形象设计全集_V2.1_补齐版/01_十二星球人物三视图/G03_齿轮荒原_人物三视图.png,51956299eabc1beb9093d8214e5b8eb78b09ba6cf532e72f72ca820df4dffc98,星骸拾荒者_人物形象设计全集_V2.1_补齐版/02_清单与说明/星骸拾荒者_全项目美术资产主清单_V1.0.xlsx,ea329b30f458a567a92ef0f02b783eb58c4129596e4958e4cf739eb47329816e,未设计
CAT-CHAR-013,,CHAR-013,嚓,G03,星球NPC,False,complete,complete,not_produced,not_produced,PKG-CHARACTERS-V2.1,星骸拾荒者_人物形象设计全集_V2.1_补齐版/01_十二星球人物三视图/G03_齿轮荒原_人物三视图.png,51956299eabc1beb9093d8214e5b8eb78b09ba6cf532e72f72ca820df4dffc98,星骸拾荒者_人物形象设计全集_V2.1_补齐版/02_清单与说明/星骸拾荒者_全项目美术资产主清单_V1.0.xlsx,ea329b30f458a567a92ef0f02b783eb58c4129596e4958e4cf739eb47329816e,未设计
CAT-CHAR-014,,CHAR-014,饕餮,G03,管理员,True,complete,complete,not_produced,not_produced,PKG-CHARACTERS-V2.1,星骸拾荒者_人物形象设计全集_V2.1_补齐版/01_十二星球人物三视图/G03_齿轮荒原_人物三视图.png,51956299eabc1beb9093d8214e5b8eb78b09ba6cf532e72f72ca820df4dffc98,星骸拾荒者_人物形象设计全集_V2.1_补齐版/02_清单与说明/星骸拾荒者_全项目美术资产主清单_V1.0.xlsx,ea329b30f458a567a92ef0f02b783eb58c4129596e4958e4cf739eb47329816e,未设计
CAT-CHAR-015,,CHAR-015,沙铃,G04,星球NPC,False,complete,complete,not_produced,not_produced,PKG-CHARACTERS-V2.1,星骸拾荒者_人物形象设计全集_V2.1_补齐版/01_十二星球人物三视图/G04_镜面沙海_人物三视图.png,c96d4a5d7127202e97ae36145f89072fad90689a68767e58817b2b3bf46c331e,星骸拾荒者_人物形象设计全集_V2.1_补齐版/02_清单与说明/星骸拾荒者_全项目美术资产主清单_V1.0.xlsx,ea329b30f458a567a92ef0f02b783eb58c4129596e4958e4cf739eb47329816e,未设计
CAT-CHAR-016,,CHAR-016,阿左,G04,星球NPC,False,complete,complete,not_produced,not_produced,PKG-CHARACTERS-V2.1,星骸拾荒者_人物形象设计全集_V2.1_补齐版/01_十二星球人物三视图/G04_镜面沙海_人物三视图.png,c96d4a5d7127202e97ae36145f89072fad90689a68767e58817b2b3bf46c331e,星骸拾荒者_人物形象设计全集_V2.1_补齐版/02_清单与说明/星骸拾荒者_全项目美术资产主清单_V1.0.xlsx,ea329b30f458a567a92ef0f02b783eb58c4129596e4958e4cf739eb47329816e,未设计
CAT-CHAR-017,,CHAR-017,阿右,G04,星球NPC,False,complete,complete,not_produced,not_produced,PKG-CHARACTERS-V2.1,星骸拾荒者_人物形象设计全集_V2.1_补齐版/01_十二星球人物三视图/G04_镜面沙海_人物三视图.png,c96d4a5d7127202e97ae36145f89072fad90689a68767e58817b2b3bf46c331e,星骸拾荒者_人物形象设计全集_V2.1_补齐版/02_清单与说明/星骸拾荒者_全项目美术资产主清单_V1.0.xlsx,ea329b30f458a567a92ef0f02b783eb58c4129596e4958e4cf739eb47329816e,未设计
CAT-CHAR-018,,CHAR-018,翎片,G04,星球NPC,False,complete,complete,not_produced,not_produced,PKG-CHARACTERS-V2.1,星骸拾荒者_人物形象设计全集_V2.1_补齐版/01_十二星球人物三视图/G04_镜面沙海_人物三视图.png,c96d4a5d7127202e97ae36145f89072fad90689a68767e58817b2b3bf46c331e,星骸拾荒者_人物形象设计全集_V2.1_补齐版/02_清单与说明/星骸拾荒者_全项目美术资产主清单_V1.0.xlsx,ea329b30f458a567a92ef0f02b783eb58c4129596e4958e4cf739eb47329816e,未设计
CAT-CHAR-019,,CHAR-019,背面人,G04,星球NPC,False,complete,complete,not_produced,not_produced,PKG-CHARACTERS-V2.1,星骸拾荒者_人物形象设计全集_V2.1_补齐版/01_十二星球人物三视图/G04_镜面沙海_人物三视图.png,c96d4a5d7127202e97ae36145f89072fad90689a68767e58817b2b3bf46c331e,星骸拾荒者_人物形象设计全集_V2.1_补齐版/02_清单与说明/星骸拾荒者_全项目美术资产主清单_V1.0.xlsx,ea329b30f458a567a92ef0f02b783eb58c4129596e4958e4cf739eb47329816e,未设计
CAT-CHAR-020,,CHAR-020,九尾狐,G04,管理员,True,complete,complete,not_produced,not_produced,PKG-CHARACTERS-V2.1,星骸拾荒者_人物形象设计全集_V2.1_补齐版/01_十二星球人物三视图/G04_镜面沙海_人物三视图.png,c96d4a5d7127202e97ae36145f89072fad90689a68767e58817b2b3bf46c331e,星骸拾荒者_人物形象设计全集_V2.1_补齐版/02_清单与说明/星骸拾荒者_全项目美术资产主清单_V1.0.xlsx,ea329b30f458a567a92ef0f02b783eb58c4129596e4958e4cf739eb47329816e,未设计
CAT-CHAR-021,,CHAR-021,米米,G05,星球NPC,False,complete,complete,not_produced,not_produced,PKG-CHARACTERS-V2.1,星骸拾荒者_人物形象设计全集_V2.1_补齐版/01_十二星球人物三视图/G05_刻度冰原_人物三视图.png,b9cc7b4e9fe45b6f2eea7562967c98b35869db53543d8feb25b131334dba7972,星骸拾荒者_人物形象设计全集_V2.1_补齐版/02_清单与说明/星骸拾荒者_全项目美术资产主清单_V1.0.xlsx,ea329b30f458a567a92ef0f02b783eb58c4129596e4958e4cf739eb47329816e,未设计
CAT-CHAR-022,,CHAR-022,秤砣叔,G05,星球NPC,False,complete,complete,not_produced,not_produced,PKG-CHARACTERS-V2.1,星骸拾荒者_人物形象设计全集_V2.1_补齐版/01_十二星球人物三视图/G05_刻度冰原_人物三视图.png,b9cc7b4e9fe45b6f2eea7562967c98b35869db53543d8feb25b131334dba7972,星骸拾荒者_人物形象设计全集_V2.1_补齐版/02_清单与说明/星骸拾荒者_全项目美术资产主清单_V1.0.xlsx,ea329b30f458a567a92ef0f02b783eb58c4129596e4958e4cf739eb47329816e,未设计
CAT-CHAR-023,,CHAR-023,升升,G05,星球NPC,False,complete,complete,not_produced,not_produced,PKG-CHARACTERS-V2.1,星骸拾荒者_人物形象设计全集_V2.1_补齐版/01_十二星球人物三视图/G05_刻度冰原_人物三视图.png,b9cc7b4e9fe45b6f2eea7562967c98b35869db53543d8feb25b131334dba7972,星骸拾荒者_人物形象设计全集_V2.1_补齐版/02_清单与说明/星骸拾荒者_全项目美术资产主清单_V1.0.xlsx,ea329b30f458a567a92ef0f02b783eb58c4129596e4958e4cf739eb47329816e,未设计
CAT-CHAR-024,,CHAR-024,滴答,G05,星球NPC,False,complete,complete,not_produced,not_produced,PKG-CHARACTERS-V2.1,星骸拾荒者_人物形象设计全集_V2.1_补齐版/01_十二星球人物三视图/G05_刻度冰原_人物三视图.png,b9cc7b4e9fe45b6f2eea7562967c98b35869db53543d8feb25b131334dba7972,星骸拾荒者_人物形象设计全集_V2.1_补齐版/02_清单与说明/星骸拾荒者_全项目美术资产主清单_V1.0.xlsx,ea329b30f458a567a92ef0f02b783eb58c4129596e4958e4cf739eb47329816e,未设计
CAT-CHAR-025,,CHAR-025,冰夷,G05,管理员,True,complete,complete,not_produced,not_produced,PKG-CHARACTERS-V2.1,星骸拾荒者_人物形象设计全集_V2.1_补齐版/01_十二星球人物三视图/G05_刻度冰原_人物三视图.png,b9cc7b4e9fe45b6f2eea7562967c98b35869db53543d8feb25b131334dba7972,星骸拾荒者_人物形象设计全集_V2.1_补齐版/02_清单与说明/星骸拾荒者_全项目美术资产主清单_V1.0.xlsx,ea329b30f458a567a92ef0f02b783eb58c4129596e4958e4cf739eb47329816e,未设计
CAT-CHAR-026,,CHAR-026,半半,G06,星球NPC,False,complete,complete,not_produced,not_produced,PKG-CHARACTERS-V2.1,星骸拾荒者_人物形象设计全集_V2.1_补齐版/01_十二星球人物三视图/G06_分片群岛_人物三视图.png,0c422a68bdb7413a59b66ec23be992cc145512ee772dab751a0654565cf6f586,星骸拾荒者_人物形象设计全集_V2.1_补齐版/02_清单与说明/星骸拾荒者_全项目美术资产主清单_V1.0.xlsx,ea329b30f458a567a92ef0f02b783eb58c4129596e4958e4cf739eb47329816e,未设计
CAT-CHAR-027,,CHAR-027,圆饼师傅,G06,星球NPC,False,complete,complete,not_produced,not_produced,PKG-CHARACTERS-V2.1,星骸拾荒者_人物形象设计全集_V2.1_补齐版/01_十二星球人物三视图/G06_分片群岛_人物三视图.png,0c422a68bdb7413a59b66ec23be992cc145512ee772dab751a0654565cf6f586,星骸拾荒者_人物形象设计全集_V2.1_补齐版/02_清单与说明/星骸拾荒者_全项目美术资产主清单_V1.0.xlsx,ea329b30f458a567a92ef0f02b783eb58c4129596e4958e4cf739eb47329816e,未设计
CAT-CHAR-028,,CHAR-028,格格船长,G06,星球NPC,False,complete,complete,not_produced,not_produced,PKG-CHARACTERS-V2.1,星骸拾荒者_人物形象设计全集_V2.1_补齐版/01_十二星球人物三视图/G06_分片群岛_人物三视图.png,0c422a68bdb7413a59b66ec23be992cc145512ee772dab751a0654565cf6f586,星骸拾荒者_人物形象设计全集_V2.1_补齐版/02_清单与说明/星骸拾荒者_全项目美术资产主清单_V1.0.xlsx,ea329b30f458a567a92ef0f02b783eb58c4129596e4958e4cf739eb47329816e,未设计
CAT-CHAR-029,,CHAR-029,小滴,G06,星球NPC,False,complete,complete,not_produced,not_produced,PKG-CHARACTERS-V2.1,星骸拾荒者_人物形象设计全集_V2.1_补齐版/01_十二星球人物三视图/G06_分片群岛_人物三视图.png,0c422a68bdb7413a59b66ec23be992cc145512ee772dab751a0654565cf6f586,星骸拾荒者_人物形象设计全集_V2.1_补齐版/02_清单与说明/星骸拾荒者_全项目美术资产主清单_V1.0.xlsx,ea329b30f458a567a92ef0f02b783eb58c4129596e4958e4cf739eb47329816e,未设计
CAT-CHAR-030,,CHAR-030,相柳,G06,管理员,True,complete,complete,not_produced,not_produced,PKG-CHARACTERS-V2.1,星骸拾荒者_人物形象设计全集_V2.1_补齐版/01_十二星球人物三视图/G06_分片群岛_人物三视图.png,0c422a68bdb7413a59b66ec23be992cc145512ee772dab751a0654565cf6f586,星骸拾荒者_人物形象设计全集_V2.1_补齐版/02_清单与说明/星骸拾荒者_全项目美术资产主清单_V1.0.xlsx,ea329b30f458a567a92ef0f02b783eb58c4129596e4958e4cf739eb47329816e,未设计
CAT-CHAR-031,,CHAR-031,格尺,G07,星球NPC,False,complete,complete,not_produced,not_produced,PKG-CHARACTERS-V2.1,星骸拾荒者_人物形象设计全集_V2.1_补齐版/01_十二星球人物三视图/G07_方格城_人物三视图.png,34cec658a42a47eb95f3462a73f54fb8d6815053ead6c9620868ad3eaf18969e,星骸拾荒者_人物形象设计全集_V2.1_补齐版/02_清单与说明/星骸拾荒者_全项目美术资产主清单_V1.0.xlsx,ea329b30f458a567a92ef0f02b783eb58c4129596e4958e4cf739eb47329816e,未设计
CAT-CHAR-032,,CHAR-032,围围婆婆,G07,星球NPC,False,complete,complete,not_produced,not_produced,PKG-CHARACTERS-V2.1,星骸拾荒者_人物形象设计全集_V2.1_补齐版/01_十二星球人物三视图/G07_方格城_人物三视图.png,34cec658a42a47eb95f3462a73f54fb8d6815053ead6c9620868ad3eaf18969e,星骸拾荒者_人物形象设计全集_V2.1_补齐版/02_清单与说明/星骸拾荒者_全项目美术资产主清单_V1.0.xlsx,ea329b30f458a567a92ef0f02b783eb58c4129596e4958e4cf739eb47329816e,未设计
CAT-CHAR-033,,CHAR-033,砖砖队长,G07,星球NPC,False,complete,complete,not_produced,not_produced,PKG-CHARACTERS-V2.1,星骸拾荒者_人物形象设计全集_V2.1_补齐版/01_十二星球人物三视图/G07_方格城_人物三视图.png,34cec658a42a47eb95f3462a73f54fb8d6815053ead6c9620868ad3eaf18969e,星骸拾荒者_人物形象设计全集_V2.1_补齐版/02_清单与说明/星骸拾荒者_全项目美术资产主清单_V1.0.xlsx,ea329b30f458a567a92ef0f02b783eb58c4129596e4958e4cf739eb47329816e,未设计
CAT-CHAR-034,,CHAR-034,角角,G07,星球NPC,False,complete,complete,not_produced,not_produced,PKG-CHARACTERS-V2.1,星骸拾荒者_人物形象设计全集_V2.1_补齐版/01_十二星球人物三视图/G07_方格城_人物三视图.png,34cec658a42a47eb95f3462a73f54fb8d6815053ead6c9620868ad3eaf18969e,星骸拾荒者_人物形象设计全集_V2.1_补齐版/02_清单与说明/星骸拾荒者_全项目美术资产主清单_V1.0.xlsx,ea329b30f458a567a92ef0f02b783eb58c4129596e4958e4cf739eb47329816e,未设计
CAT-CHAR-035,,CHAR-035,夔,G07,管理员,True,complete,complete,not_produced,not_produced,PKG-CHARACTERS-V2.1,星骸拾荒者_人物形象设计全集_V2.1_补齐版/01_十二星球人物三视图/G07_方格城_人物三视图.png,34cec658a42a47eb95f3462a73f54fb8d6815053ead6c9620868ad3eaf18969e,星骸拾荒者_人物形象设计全集_V2.1_补齐版/02_清单与说明/星骸拾荒者_全项目美术资产主清单_V1.0.xlsx,ea329b30f458a567a92ef0f02b783eb58c4129596e4958e4cf739eb47329816e,未设计
CAT-CHAR-036,,CHAR-036,小刻,G08,星球NPC,False,complete,complete,not_produced,not_produced,PKG-CHARACTERS-V2.1,星骸拾荒者_人物形象设计全集_V2.1_补齐版/01_十二星球人物三视图/G08_钟摆之城_人物三视图.png,3b89d70aa5808ad656888864c7c161c98d9043151041dcec04cf94303b130cd1,星骸拾荒者_人物形象设计全集_V2.1_补齐版/02_清单与说明/星骸拾荒者_全项目美术资产主清单_V1.0.xlsx,ea329b30f458a567a92ef0f02b783eb58c4129596e4958e4cf739eb47329816e,未设计
CAT-CHAR-037,,CHAR-037,午午站长,G08,星球NPC,False,complete,complete,not_produced,not_produced,PKG-CHARACTERS-V2.1,星骸拾荒者_人物形象设计全集_V2.1_补齐版/01_十二星球人物三视图/G08_钟摆之城_人物三视图.png,3b89d70aa5808ad656888864c7c161c98d9043151041dcec04cf94303b130cd1,星骸拾荒者_人物形象设计全集_V2.1_补齐版/02_清单与说明/星骸拾荒者_全项目美术资产主清单_V1.0.xlsx,ea329b30f458a567a92ef0f02b783eb58c4129596e4958e4cf739eb47329816e,未设计
CAT-CHAR-038,,CHAR-038,夜夜姐,G08,星球NPC,False,complete,complete,not_produced,not_produced,PKG-CHARACTERS-V2.1,星骸拾荒者_人物形象设计全集_V2.1_补齐版/01_十二星球人物三视图/G08_钟摆之城_人物三视图.png,3b89d70aa5808ad656888864c7c161c98d9043151041dcec04cf94303b130cd1,星骸拾荒者_人物形象设计全集_V2.1_补齐版/02_清单与说明/星骸拾荒者_全项目美术资产主清单_V1.0.xlsx,ea329b30f458a567a92ef0f02b783eb58c4129596e4958e4cf739eb47329816e,未设计
CAT-CHAR-039,,CHAR-039,三拍鼓,G08,星球NPC,False,complete,complete,not_produced,not_produced,PKG-CHARACTERS-V2.1,星骸拾荒者_人物形象设计全集_V2.1_补齐版/01_十二星球人物三视图/G08_钟摆之城_人物三视图.png,3b89d70aa5808ad656888864c7c161c98d9043151041dcec04cf94303b130cd1,星骸拾荒者_人物形象设计全集_V2.1_补齐版/02_清单与说明/星骸拾荒者_全项目美术资产主清单_V1.0.xlsx,ea329b30f458a567a92ef0f02b783eb58c4129596e4958e4cf739eb47329816e,未设计
CAT-CHAR-040,,CHAR-040,烛龙,G08,管理员,True,complete,complete,not_produced,not_produced,PKG-CHARACTERS-V2.1,星骸拾荒者_人物形象设计全集_V2.1_补齐版/01_十二星球人物三视图/G08_钟摆之城_人物三视图.png,3b89d70aa5808ad656888864c7c161c98d9043151041dcec04cf94303b130cd1,星骸拾荒者_人物形象设计全集_V2.1_补齐版/02_清单与说明/星骸拾荒者_全项目美术资产主清单_V1.0.xlsx,ea329b30f458a567a92ef0f02b783eb58c4129596e4958e4cf739eb47329816e,未设计
CAT-CHAR-041,,CHAR-041,星格,G09,星球NPC,False,complete,complete,not_produced,not_produced,PKG-CHARACTERS-V2.1,星骸拾荒者_人物形象设计全集_V2.1_补齐版/01_十二星球人物三视图/G09_棋阵卫星_人物三视图.png,9204c38e276f4571e95cd703c8e1b415390c1e28175e03f10a526814eb72274a,星骸拾荒者_人物形象设计全集_V2.1_补齐版/02_清单与说明/星骸拾荒者_全项目美术资产主清单_V1.0.xlsx,ea329b30f458a567a92ef0f02b783eb58c4129596e4958e4cf739eb47329816e,未设计
CAT-CHAR-042,,CHAR-042,白子爷爷,G09,星球NPC,False,complete,complete,not_produced,not_produced,PKG-CHARACTERS-V2.1,星骸拾荒者_人物形象设计全集_V2.1_补齐版/01_十二星球人物三视图/G09_棋阵卫星_人物三视图.png,9204c38e276f4571e95cd703c8e1b415390c1e28175e03f10a526814eb72274a,星骸拾荒者_人物形象设计全集_V2.1_补齐版/02_清单与说明/星骸拾荒者_全项目美术资产主清单_V1.0.xlsx,ea329b30f458a567a92ef0f02b783eb58c4129596e4958e4cf739eb47329816e,未设计
CAT-CHAR-043,,CHAR-043,小孔,G09,星球NPC,False,complete,complete,not_produced,not_produced,PKG-CHARACTERS-V2.1,星骸拾荒者_人物形象设计全集_V2.1_补齐版/01_十二星球人物三视图/G09_棋阵卫星_人物三视图.png,9204c38e276f4571e95cd703c8e1b415390c1e28175e03f10a526814eb72274a,星骸拾荒者_人物形象设计全集_V2.1_补齐版/02_清单与说明/星骸拾荒者_全项目美术资产主清单_V1.0.xlsx,ea329b30f458a567a92ef0f02b783eb58c4129596e4958e4cf739eb47329816e,未设计
CAT-CHAR-044,,CHAR-044,直角队长,G09,星球NPC,False,complete,complete,not_produced,not_produced,PKG-CHARACTERS-V2.1,星骸拾荒者_人物形象设计全集_V2.1_补齐版/01_十二星球人物三视图/G09_棋阵卫星_人物三视图.png,9204c38e276f4571e95cd703c8e1b415390c1e28175e03f10a526814eb72274a,星骸拾荒者_人物形象设计全集_V2.1_补齐版/02_清单与说明/星骸拾荒者_全项目美术资产主清单_V1.0.xlsx,ea329b30f458a567a92ef0f02b783eb58c4129596e4958e4cf739eb47329816e,未设计
CAT-CHAR-045,,CHAR-045,斜线妹,G09,星球NPC,False,complete,complete,not_produced,not_produced,PKG-CHARACTERS-V2.1,星骸拾荒者_人物形象设计全集_V2.1_补齐版/01_十二星球人物三视图/G09_棋阵卫星_人物三视图.png,9204c38e276f4571e95cd703c8e1b415390c1e28175e03f10a526814eb72274a,星骸拾荒者_人物形象设计全集_V2.1_补齐版/02_清单与说明/星骸拾荒者_全项目美术资产主清单_V1.0.xlsx,ea329b30f458a567a92ef0f02b783eb58c4129596e4958e4cf739eb47329816e,未设计
CAT-CHAR-046,,CHAR-046,无名棋子,G09,星球NPC,False,complete,complete,not_produced,not_produced,PKG-CHARACTERS-V2.1,星骸拾荒者_人物形象设计全集_V2.1_补齐版/01_十二星球人物三视图/G09_棋阵卫星_人物三视图.png,9204c38e276f4571e95cd703c8e1b415390c1e28175e03f10a526814eb72274a,星骸拾荒者_人物形象设计全集_V2.1_补齐版/02_清单与说明/星骸拾荒者_全项目美术资产主清单_V1.0.xlsx,ea329b30f458a567a92ef0f02b783eb58c4129596e4958e4cf739eb47329816e,未设计
CAT-CHAR-047,,CHAR-047,穷奇,G09,管理员,True,complete,complete,not_produced,not_produced,PKG-CHARACTERS-V2.1,星骸拾荒者_人物形象设计全集_V2.1_补齐版/01_十二星球人物三视图/G09_棋阵卫星_人物三视图.png,9204c38e276f4571e95cd703c8e1b415390c1e28175e03f10a526814eb72274a,星骸拾荒者_人物形象设计全集_V2.1_补齐版/02_清单与说明/星骸拾荒者_全项目美术资产主清单_V1.0.xlsx,ea329b30f458a567a92ef0f02b783eb58c4129596e4958e4cf739eb47329816e,未设计
CAT-CHAR-048,,CHAR-048,云朵朵,G10,星球NPC,False,complete,complete,not_produced,not_produced,PKG-CHARACTERS-V2.1,星骸拾荒者_人物形象设计全集_V2.1_补齐版/01_十二星球人物三视图/G10_概率云港_人物三视图.png,dba51b0b4fd7a45889afb0403359b04ab0a834a807985ceb14de845791e71114,星骸拾荒者_人物形象设计全集_V2.1_补齐版/02_清单与说明/星骸拾荒者_全项目美术资产主清单_V1.0.xlsx,ea329b30f458a567a92ef0f02b783eb58c4129596e4958e4cf739eb47329816e,未设计
CAT-CHAR-049,,CHAR-049,港长柱叔,G10,星球NPC,False,complete,complete,not_produced,not_produced,PKG-CHARACTERS-V2.1,星骸拾荒者_人物形象设计全集_V2.1_补齐版/01_十二星球人物三视图/G10_概率云港_人物三视图.png,dba51b0b4fd7a45889afb0403359b04ab0a834a807985ceb14de845791e71114,星骸拾荒者_人物形象设计全集_V2.1_补齐版/02_清单与说明/星骸拾荒者_全项目美术资产主清单_V1.0.xlsx,ea329b30f458a567a92ef0f02b783eb58c4129596e4958e4cf739eb47329816e,未设计
CAT-CHAR-050,,CHAR-050,小风车,G10,星球NPC,False,complete,complete,not_produced,not_produced,PKG-CHARACTERS-V2.1,星骸拾荒者_人物形象设计全集_V2.1_补齐版/01_十二星球人物三视图/G10_概率云港_人物三视图.png,dba51b0b4fd7a45889afb0403359b04ab0a834a807985ceb14de845791e71114,星骸拾荒者_人物形象设计全集_V2.1_补齐版/02_清单与说明/星骸拾荒者_全项目美术资产主清单_V1.0.xlsx,ea329b30f458a567a92ef0f02b783eb58c4129596e4958e4cf739eb47329816e,未设计
CAT-CHAR-051,,CHAR-051,箱箱队长,G10,星球NPC,False,complete,complete,not_produced,not_produced,PKG-CHARACTERS-V2.1,星骸拾荒者_人物形象设计全集_V2.1_补齐版/01_十二星球人物三视图/G10_概率云港_人物三视图.png,dba51b0b4fd7a45889afb0403359b04ab0a834a807985ceb14de845791e71114,星骸拾荒者_人物形象设计全集_V2.1_补齐版/02_清单与说明/星骸拾荒者_全项目美术资产主清单_V1.0.xlsx,ea329b30f458a567a92ef0f02b783eb58c4129596e4958e4cf739eb47329816e,未设计
CAT-CHAR-052,,CHAR-052,晴,G10,星球NPC,False,complete,complete,not_produced,not_produced,PKG-CHARACTERS-V2.1,星骸拾荒者_人物形象设计全集_V2.1_补齐版/01_十二星球人物三视图/G10_概率云港_人物三视图.png,dba51b0b4fd7a45889afb0403359b04ab0a834a807985ceb14de845791e71114,星骸拾荒者_人物形象设计全集_V2.1_补齐版/02_清单与说明/星骸拾荒者_全项目美术资产主清单_V1.0.xlsx,ea329b30f458a567a92ef0f02b783eb58c4129596e4958e4cf739eb47329816e,未设计
CAT-CHAR-053,,CHAR-053,雨,G10,星球NPC,False,complete,complete,not_produced,not_produced,PKG-CHARACTERS-V2.1,星骸拾荒者_人物形象设计全集_V2.1_补齐版/01_十二星球人物三视图/G10_概率云港_人物三视图.png,dba51b0b4fd7a45889afb0403359b04ab0a834a807985ceb14de845791e71114,星骸拾荒者_人物形象设计全集_V2.1_补齐版/02_清单与说明/星骸拾荒者_全项目美术资产主清单_V1.0.xlsx,ea329b30f458a567a92ef0f02b783eb58c4129596e4958e4cf739eb47329816e,未设计
CAT-CHAR-054,,CHAR-054,毕方,G10,管理员,True,complete,complete,not_produced,not_produced,PKG-CHARACTERS-V2.1,星骸拾荒者_人物形象设计全集_V2.1_补齐版/01_十二星球人物三视图/G10_概率云港_人物三视图.png,dba51b0b4fd7a45889afb0403359b04ab0a834a807985ceb14de845791e71114,星骸拾荒者_人物形象设计全集_V2.1_补齐版/02_清单与说明/星骸拾荒者_全项目美术资产主清单_V1.0.xlsx,ea329b30f458a567a92ef0f02b783eb58c4129596e4958e4cf739eb47329816e,未设计
CAT-CHAR-055,,CHAR-055,方方厂长,G11,星球NPC,False,complete,complete,not_produced,not_produced,PKG-CHARACTERS-V2.1,星骸拾荒者_人物形象设计全集_V2.1_补齐版/01_十二星球人物三视图/G11_立体工厂_人物三视图.png,ba8b0a8c45fb0476ef44c7377fec525dfd41c73df517ad4598f8ea046df2918c,星骸拾荒者_人物形象设计全集_V2.1_补齐版/02_清单与说明/星骸拾荒者_全项目美术资产主清单_V1.0.xlsx,ea329b30f458a567a92ef0f02b783eb58c4129596e4958e4cf739eb47329816e,未设计
CAT-CHAR-056,,CHAR-056,折折师傅,G11,星球NPC,False,complete,complete,not_produced,not_produced,PKG-CHARACTERS-V2.1,星骸拾荒者_人物形象设计全集_V2.1_补齐版/01_十二星球人物三视图/G11_立体工厂_人物三视图.png,ba8b0a8c45fb0476ef44c7377fec525dfd41c73df517ad4598f8ea046df2918c,星骸拾荒者_人物形象设计全集_V2.1_补齐版/02_清单与说明/星骸拾荒者_全项目美术资产主清单_V1.0.xlsx,ea329b30f458a567a92ef0f02b783eb58c4129596e4958e4cf739eb47329816e,未设计
CAT-CHAR-057,,CHAR-057,仓仓姐,G11,星球NPC,False,complete,complete,not_produced,not_produced,PKG-CHARACTERS-V2.1,星骸拾荒者_人物形象设计全集_V2.1_补齐版/01_十二星球人物三视图/G11_立体工厂_人物三视图.png,ba8b0a8c45fb0476ef44c7377fec525dfd41c73df517ad4598f8ea046df2918c,星骸拾荒者_人物形象设计全集_V2.1_补齐版/02_清单与说明/星骸拾荒者_全项目美术资产主清单_V1.0.xlsx,ea329b30f458a567a92ef0f02b783eb58c4129596e4958e4cf739eb47329816e,未设计
CAT-CHAR-058,,CHAR-058,棱角兄,G11,星球NPC,False,complete,complete,not_produced,not_produced,PKG-CHARACTERS-V2.1,星骸拾荒者_人物形象设计全集_V2.1_补齐版/01_十二星球人物三视图/G11_立体工厂_人物三视图.png,ba8b0a8c45fb0476ef44c7377fec525dfd41c73df517ad4598f8ea046df2918c,星骸拾荒者_人物形象设计全集_V2.1_补齐版/02_清单与说明/星骸拾荒者_全项目美术资产主清单_V1.0.xlsx,ea329b30f458a567a92ef0f02b783eb58c4129596e4958e4cf739eb47329816e,未设计
CAT-CHAR-059,,CHAR-059,棱角弟,G11,星球NPC,False,complete,complete,not_produced,not_produced,PKG-CHARACTERS-V2.1,星骸拾荒者_人物形象设计全集_V2.1_补齐版/01_十二星球人物三视图/G11_立体工厂_人物三视图.png,ba8b0a8c45fb0476ef44c7377fec525dfd41c73df517ad4598f8ea046df2918c,星骸拾荒者_人物形象设计全集_V2.1_补齐版/02_清单与说明/星骸拾荒者_全项目美术资产主清单_V1.0.xlsx,ea329b30f458a567a92ef0f02b783eb58c4129596e4958e4cf739eb47329816e,未设计
CAT-CHAR-060,,CHAR-060,盒小满,G11,星球NPC,False,complete,complete,not_produced,not_produced,PKG-CHARACTERS-V2.1,星骸拾荒者_人物形象设计全集_V2.1_补齐版/01_十二星球人物三视图/G11_立体工厂_人物三视图.png,ba8b0a8c45fb0476ef44c7377fec525dfd41c73df517ad4598f8ea046df2918c,星骸拾荒者_人物形象设计全集_V2.1_补齐版/02_清单与说明/星骸拾荒者_全项目美术资产主清单_V1.0.xlsx,ea329b30f458a567a92ef0f02b783eb58c4129596e4958e4cf739eb47329816e,未设计
CAT-CHAR-061,,CHAR-061,六面影,G11,星球NPC,False,complete,complete,not_produced,not_produced,PKG-CHARACTERS-V2.1,星骸拾荒者_人物形象设计全集_V2.1_补齐版/01_十二星球人物三视图/G11_立体工厂_人物三视图.png,ba8b0a8c45fb0476ef44c7377fec525dfd41c73df517ad4598f8ea046df2918c,星骸拾荒者_人物形象设计全集_V2.1_补齐版/02_清单与说明/星骸拾荒者_全项目美术资产主清单_V1.0.xlsx,ea329b30f458a567a92ef0f02b783eb58c4129596e4958e4cf739eb47329816e,未设计
CAT-CHAR-062,,CHAR-062,刑天,G11,管理员,True,complete,complete,not_produced,not_produced,PKG-CHARACTERS-V2.1,星骸拾荒者_人物形象设计全集_V2.1_补齐版/01_十二星球人物三视图/G11_立体工厂_人物三视图.png,ba8b0a8c45fb0476ef44c7377fec525dfd41c73df517ad4598f8ea046df2918c,星骸拾荒者_人物形象设计全集_V2.1_补齐版/02_清单与说明/星骸拾荒者_全项目美术资产主清单_V1.0.xlsx,ea329b30f458a567a92ef0f02b783eb58c4129596e4958e4cf739eb47329816e,未设计
CAT-CHAR-063,,CHAR-063,鲁班包包,G12,星球NPC,False,complete,complete,not_produced,not_produced,PKG-CHARACTERS-V2.1,星骸拾荒者_人物形象设计全集_V2.1_补齐版/01_十二星球人物三视图/G12_百工星环_人物三视图.png,556a9f488125fe1a9ba4767e9e2afac7525cbf67e703b9fc7ce3f1c72518a192,星骸拾荒者_人物形象设计全集_V2.1_补齐版/02_清单与说明/星骸拾荒者_全项目美术资产主清单_V1.0.xlsx,ea329b30f458a567a92ef0f02b783eb58c4129596e4958e4cf739eb47329816e,未设计
CAT-CHAR-064,,CHAR-064,焊花姐,G12,星球NPC,False,complete,complete,not_produced,not_produced,PKG-CHARACTERS-V2.1,星骸拾荒者_人物形象设计全集_V2.1_补齐版/01_十二星球人物三视图/G12_百工星环_人物三视图.png,556a9f488125fe1a9ba4767e9e2afac7525cbf67e703b9fc7ce3f1c72518a192,星骸拾荒者_人物形象设计全集_V2.1_补齐版/02_清单与说明/星骸拾荒者_全项目美术资产主清单_V1.0.xlsx,ea329b30f458a567a92ef0f02b783eb58c4129596e4958e4cf739eb47329816e,未设计
CAT-CHAR-065,,CHAR-065,榫榫爷爷,G12,星球NPC,False,complete,complete,not_produced,not_produced,PKG-CHARACTERS-V2.1,星骸拾荒者_人物形象设计全集_V2.1_补齐版/01_十二星球人物三视图/G12_百工星环_人物三视图.png,556a9f488125fe1a9ba4767e9e2afac7525cbf67e703b9fc7ce3f1c72518a192,星骸拾荒者_人物形象设计全集_V2.1_补齐版/02_清单与说明/星骸拾荒者_全项目美术资产主清单_V1.0.xlsx,ea329b30f458a567a92ef0f02b783eb58c4129596e4958e4cf739eb47329816e,未设计
CAT-CHAR-066,,CHAR-066,排排队长,G12,星球NPC,False,complete,complete,not_produced,not_produced,PKG-CHARACTERS-V2.1,星骸拾荒者_人物形象设计全集_V2.1_补齐版/01_十二星球人物三视图/G12_百工星环_人物三视图.png,556a9f488125fe1a9ba4767e9e2afac7525cbf67e703b9fc7ce3f1c72518a192,星骸拾荒者_人物形象设计全集_V2.1_补齐版/02_清单与说明/星骸拾荒者_全项目美术资产主清单_V1.0.xlsx,ea329b30f458a567a92ef0f02b783eb58c4129596e4958e4cf739eb47329816e,未设计
CAT-CHAR-067,,CHAR-067,试试飞,G12,星球NPC,False,complete,complete,not_produced,not_produced,PKG-CHARACTERS-V2.1,星骸拾荒者_人物形象设计全集_V2.1_补齐版/01_十二星球人物三视图/G12_百工星环_人物三视图.png,556a9f488125fe1a9ba4767e9e2afac7525cbf67e703b9fc7ce3f1c72518a192,星骸拾荒者_人物形象设计全集_V2.1_补齐版/02_清单与说明/星骸拾荒者_全项目美术资产主清单_V1.0.xlsx,ea329b30f458a567a92ef0f02b783eb58c4129596e4958e4cf739eb47329816e,未设计
CAT-CHAR-068,,CHAR-068,补丁博士,G12,星球NPC,False,complete,complete,not_produced,not_produced,PKG-CHARACTERS-V2.1,星骸拾荒者_人物形象设计全集_V2.1_补齐版/01_十二星球人物三视图/G12_百工星环_人物三视图.png,556a9f488125fe1a9ba4767e9e2afac7525cbf67e703b9fc7ce3f1c72518a192,星骸拾荒者_人物形象设计全集_V2.1_补齐版/02_清单与说明/星骸拾荒者_全项目美术资产主清单_V1.0.xlsx,ea329b30f458a567a92ef0f02b783eb58c4129596e4958e4cf739eb47329816e,未设计
CAT-CHAR-069,,CHAR-069,应龙,G12,管理员,True,complete,complete,not_produced,not_produced,PKG-CHARACTERS-V2.1,星骸拾荒者_人物形象设计全集_V2.1_补齐版/01_十二星球人物三视图/G12_百工星环_人物三视图.png,556a9f488125fe1a9ba4767e9e2afac7525cbf67e703b9fc7ce3f1c72518a192,星骸拾荒者_人物形象设计全集_V2.1_补齐版/02_清单与说明/星骸拾荒者_全项目美术资产主清单_V1.0.xlsx,ea329b30f458a567a92ef0f02b783eb58c4129596e4958e4cf739eb47329816e,未设计
CAT-CHAR-070,,CHAR-070,零零,G13,星球NPC,False,complete,complete,not_produced,not_produced,PKG-CHARACTERS-V2.1,星骸拾荒者_人物形象设计全集_V2.1_补齐版/01_十二星球人物三视图/G13_零号地球_人物三视图.png,926a3bc171d5c2573ddf8c5fe3514b416c05965376d8c31d96c303db49ee735e,星骸拾荒者_人物形象设计全集_V2.1_补齐版/02_清单与说明/星骸拾荒者_全项目美术资产主清单_V1.0.xlsx,ea329b30f458a567a92ef0f02b783eb58c4129596e4958e4cf739eb47329816e,未设计
CAT-CHAR-071,,CHAR-071,混沌／归零者,G13,管理员,True,complete,complete,not_produced,not_produced,PKG-CHARACTERS-V2.1,星骸拾荒者_人物形象设计全集_V2.1_补齐版/01_十二星球人物三视图/G13_零号地球_人物三视图.png,926a3bc171d5c2573ddf8c5fe3514b416c05965376d8c31d96c303db49ee735e,星骸拾荒者_人物形象设计全集_V2.1_补齐版/02_清单与说明/星骸拾荒者_全项目美术资产主清单_V1.0.xlsx,ea329b30f458a567a92ef0f02b783eb58c4129596e4958e4cf739eb47329816e,未设计
